id,name,email,phone
f87d5acb-c8f2-4727-8b17-334d42848c5e,Breanne Brekke,breanne.brekke18@tremaine.biz,1-756-135-5629 x4459
06e5fa6c-1ce9-45da-b0a6-feec03bd4142,Marco Doyle,marco_doyle35@alexandro.biz,143.174.4159
95ea8db8-1e20-49ac-af5b-9136f15e1461,Enid Baumbach,enid_baumbach@herbert.com,1-647-304-7269 x96498
5fc35cb6-bf9b-45cf-8524-0b5064690960,Ferne Mills,ferne40@bart.com,444-367-3467 x851
20b36895-d81a-4c9b-ad19-c945b122d3dc,Ila Becker,ila_becker30@darrin.net,967-558-3086 x28540
1af118d9-ab95-4a96-bb67-1f6d55d8abf6,Joel Friesen,joel31@annamarie.name,880-403-4407
2160f216-63e9-42e3-9f71-5f03cb3115c9,Rick McCullough,rick_mccullough@abbie.info,(874) 243-3032
40cbb631-17c4-4737-8597-4f7f7489d218,Kennedy Hermiston,kennedy91@danyka.biz,050-800-8411
952108c6-8480-4c2f-9496-5f5852f04602,Delaney Heidenreich,delaney_heidenreich28@aisha.info,(922) 304-5727
acffb700-2954-4ade-be55-6ee3e1398c49,Kirsten Hammes,kirsten_hammes@marguerite.name,1-110-008-1474 x11004
